id,first_name,last_name,email,country,ip_address,zip_code
1,paul,Matthews,pmatthews0@friendfeed.com,Indonesia,235.160.46.28,12345
2,Tammy,Lane,tlane1@typepad.com,Russia,91.226.216.220,12346
3,Barbara,Webb,2345,France,204.48.177.97,123435
4,Adam,Miller,amiller3163.com,Reunion,158.15.38.141,123345
5x,Doris,Bryant,dbryant4@opensource.org,China,54.135.79.228,112345
6,William,Hicks,whicks5@freewebs.com,Greece,66.25.79.211,1234655
7,Helen,Martin,hmartin6@google.es,China,249.59.72.199,123435
8,Paula,Marshall,pmarshall7@phoca.cz,Russia,233.87.59.224,12345788
9,Eugene,,efowler8@so-net.ne.jp,Sweden,63.244.35.33,11345
